Book Id,Title,Author,Author l-f,Additional Authors,ISBN,ISBN13,My Rating,Publisher,Binding,Number of Pages,Year Published,Original Publication Year,Date Read,Date Added,Bookshelves,Bookshelves with positions,Exclusive Shelf,My Review,Spoiler,Private Notes,Read Count,Owned Copies
1070932,Ragazzi di vita,Pier Paolo Pasolini,"Pasolini, Pier Paolo",,"=""8811666279""","=""9788811666271""",3,Garzanti,Paperback,246,2000,1955,,2026/01/20,,,read,,,,1,0
24728470,M Train,Patti Smith,"Smith, Patti",,"=""1101875100""","=""9781101875100""",1,Knopf,Hardcover,256,2015,2015,2025/04/13,2025/04/13,,,read,,,,1,0
211034872,Quando muori resta a me,Zerocalcare,"Zerocalcare, Zerocalcare",,"=""""","=""9791256210091""",3,Bao Publishing,Hardcover,304,2024,2024,,2025/03/09,,,read,,,,1,0
9671303,Il male oscuro,Giuseppe Berto,"Berto, Giuseppe",Carlo Emilio Gadda,"=""881701219X""","=""9788817012195""",0,BUR Rizzoli,Paperback,419,2006,1964,,2025/02/22,to-read,to-read (#8),to-read,,,,0,0
24113,"Gödel, Escher, Bach: An Eternal Golden Braid",Douglas R. Hofstadter,"Hofstadter, Douglas R.",,"=""0465026567""","=""9780465026562""",5,Basic Books,Paperback,777,1999,1979,,2025/02/01,currently-reading,currently-reading (#2),currently-reading,,,,1,0
52342758,Finché il caffè è caldo,Toshikazu Kawaguchi,"Kawaguchi, Toshikazu",Claudia Marseguerra,"=""8811608767""","=""9788811608769""",3,Garzanti,Paperback,192,2020,2015,2025/01/20,2025/02/01,,,read,,,,1,0
48484,"Blindsight (Firefall, #1)",Peter Watts,"Watts, Peter",,"=""0765312182""","=""9780765312181""",0,Tor Books,Hardcover,384,2006,2006,,2024/10/27,to-read,to-read (#7),to-read,,,,0,0
54275373,Il dolce domani,Banana Yoshimoto,"Yoshimoto, Banana",Gala Maria Follaco,"=""8807033984""","=""9788807033988""",0,Feltrinelli,Paperback,104,2020,2011,,2024/10/16,to-read,to-read (#6),to-read,,,,0,0
5297,The Picture of Dorian Gray,Oscar Wilde,"Wilde, Oscar",Jeffrey Eugenides,"=""""","=""""",5,Random House: Modern Library,Paperback,272,2004,1890,,2016/03/25,,,read,,,,1,0
9669398,Viaggio al termine della notte,Louis-Ferdinand Céline,"Céline, Louis-Ferdinand",Ernesto Ferrero,"=""8879720171""","=""9788879720175""",3,Corbaccio,Hardcover,575,2005,1932,2016/09/17,2016/04/17,,,read,,,,1,0
26017445,The Technological Singularity,Murray Shanahan,"Shanahan, Murray",,"=""0262527804""","=""9780262527804""",2,The MIT Press,Paperback,272,2015,2015,2018/04/05,2017/10/17,,,read,,,,1,0
21855265,Widow Basquiat: A Love Story,Jennifer Clement,"Clement, Jennifer",,"=""0553419919""","=""9780553419917""",3,Crown,Paperback,208,2014,2000,2017/09/01,2017/10/17,,,read,,,,1,0
3548135,Il mestiere di vivere: Diario 1935-1950,Cesare Pavese,"Pavese, Cesare","Laura Nay, Marziano Guglielminetti, Cesare Segre","=""8806153234""","=""9788806153236""",4,Einaudi,Paperback,570,2000,1952,2017/01/01,2017/10/17,,,read,,,,1,0
49402100,Questa è l'America: Storie per capire il presente degli Stati Uniti e il nostro futuro,Francesco Costa,"Costa, Francesco",,"=""8804722460""","=""9788804722465""",4,Mondadori,Paperback,204,2020,2020,,2024/09/29,,,read,,,,1,0
298275,Nausea,Jean-Paul Sartre,"Sartre, Jean-Paul","Lloyd Alexander, Hayden Carruth","=""0811201880""","=""9780811201889""",4,New Directions,Hardcover,178,1969,1938,2024/07/01,2024/07/05,,,read,,,,1,0
9734610,Una cosa divertente che non farò mai più,David Foster Wallace,"Wallace, David Foster","Gabriella D'Angelo, Francesco Piccolo","=""8887765561""","=""9788887765564""",4,Minimum fax,Paperback,140,1998,1997,,2016/03/25,,,read,,,,1,0
35336032,Eudemonología,Arthur Schopenhauer,"Schopenhauer, Arthur",,"=""8470830171""","=""9788470830174""",5,Ediciones Ibéricas,Paperback,512,1961,1851,2024/05/24,2024/05/28,favorites,favorites (#3),read,,,,1,0
60096083,A New York con Patti Smith: La sciamana del Chelsea Hotel,Laura Pezzino,"Pezzino, Laura",,"=""8860046335""","=""9788860046338""",3,Giulio Perrone Editore,Paperback,163,2022,2022,2024/05/03,2024/05/02,,,read,,,,1,0
26249805,Le Ateniesi,Alessandro Barbero,"Barbero, Alessandro",,"=""8852067566""","=""9788852067563""",3,Mondadori,Kindle Edition,216,2015,2015,2024/03/02,2024/05/01,,,read,,,,1,0
60568,The Two Hands of God,Alan W. Watts,"Watts, Alan W.",,"=""0020681100""","=""9780020681106""",2,Macmillan Publishing Company,Paperback,0,1969,1963,2023/11/27,2023/11/27,,,read,"There is a Hassidic saying: ""If I am I because you are you, and if you are you because I am I, then I am not I, and you are not you.""",true,,1,0
9915,Less Than Zero,Bret Easton Ellis,"Ellis, Bret Easton",Rachel Kushner,"=""""","=""""",0,Vintage Books,Paperback,208,2010,1985,,2023/08/19,to-read,to-read (#5),to-read,,,,0,0
14287,Almost Transparent Blue,Ryū Murakami,"Murakami, Ryū",Nancy Andrew,"=""4770029047""","=""9784770029041""",3,Kodansha USA,Paperback,126,2003,1976,2023/01/01,2023/08/19,,,read,,,,1,0
13329968,What I Talk About When I Talk About Running: The book that made Harry Styles believe he could run a marathon,Haruki Murakami,"Murakami, Haruki",,"=""""","=""""",4,,Kindle Edition,194,2011,2007,2023/07/22,2023/07/22,,,read,,,,2,0
36455446,Philip K. Dick Short Stories,Philip K. Dick,"Dick, Philip K.",,"=""""","=""""",0,Philip K. Dick,Kindle Edition,88,2016,,,2023/05/27,currently-reading,currently-reading (#1),currently-reading,,,,1,0
58782897,The End of the World Is Just the Beginning: Mapping the Collapse of Globalization,Peter Zeihan,"Zeihan, Peter",,"=""006323047X""","=""9780063230477""",2,Harper Business,Hardcover,512,2022,2022,2023/05/27,2023/04/15,,,read,,,,1,0
34468,"A Cat, a Man, and Two Women: Stories",Jun'ichirō Tanizaki,"Tanizaki, Jun'ichirō","谷崎潤一郎, Paul McCarthy","=""4770016050""","=""9784770016058""",3,Kodansha USA Inc,Paperback,164,1991,1936,2023/05/22,2023/02/02,,,read,,,,1,0
40121378,Atomic Habits: An Easy & Proven Way to Build Good Habits & Break Bad Ones,James Clear,"Clear, James",,"=""""","=""""",3,Avery,Kindle Edition,319,2018,2018,2023/01/21,2023/01/21,,,read,,,,1,0
266342,La giornata d'uno scrutatore,Italo Calvino,"Calvino, Italo",Guido Piovene,"=""8804379898""","=""9788804379898""",4,Mondadori,Paperback,83,1994,1963,2021/08/02,2023/01/02,,,read,,,,1,0
41181911,Super Thinking: The Big Book of Mental Models,Gabriel Weinberg,"Weinberg, Gabriel",Lauren McCann,"=""0525533583""","=""9780525533580""",2,Portfolio,Hardcover,354,2019,2019,2022/08/02,2020/01/18,,,read,,,,1,0
1739060,La luna e i falò,Cesare Pavese,"Pavese, Cesare",Gian Luigi Beccaria,"=""8806174193""","=""9788806174194""",2,Einaudi,Paperback,211,2005,1950,2022/12/07,2023/01/02,,,read,,,,1,0
189989,Finite and Infinite Games: A Vision of Life as Play and Possibility,James P. Carse,"Carse, James P.",,"=""0345341848""","=""9780345341846""",3,Ballantine,Mass Market Paperback,180,1987,1986,2022/10/07,2023/01/02,,,read,,,,1,0
41817484,The Case Against Reality: Why Evolution Hid the Truth from Our Eyes,Donald D. Hoffman,"Hoffman, Donald D.",,"=""0393254690""","=""9780393254693""",3,W. W. Norton & Company,Hardcover,272,2019,2019,2023/01/02,2023/01/02,,,read,,,,1,0
9557,Sputnik Sweetheart,Haruki Murakami,"Murakami, Haruki",Philip Gabriel,"=""0099448475""","=""9780099448471""",4,Vintage,Paperback,229,2002,1999,2023/01/02,2023/01/02,,,read,,,,1,0
33600,Shantaram,Gregory David Roberts,"Roberts, Gregory David",,"=""192076920X""","=""9781920769208""",3,Scribe,Paperback,936,2004,2003,2021/09/03,2019/10/23,,,read,,,,1,0
18620743,Dalla parte di Swann,Marcel Proust,"Proust, Marcel","Giovanni Raboni, Luciano De Maria","=""8804623403""","=""9788804623403""",4,Mondadori,Paperback,473,2012,1913,,2016/04/17,,,read,,,,1,0
3228917,Outliers: The Story of Success,Malcolm Gladwell,"Gladwell, Malcolm",,"=""0316017922""","=""9780316017923""",4,"Little, Brown and Company",Hardcover,309,2008,2008,2020/06/26,2020/05/16,,,read,"Some concepts are very interesting and worth the read, but the book could have been condensed in a quarter of the pages, you can consider to Blinkist it.<br/><br/>Main takeaways (spoiler):<br/>- Successful hockey's players are more likely to be born in January - for accumulative advantage/Matthew's effect, since the season starts in the middle of the year and they are older (more experience) than the ones born later in the same year.<br/>- Countries that used to work rice fields are more likely to be good at math. There seems to be a correlation between perseverance and math. Rice workers learned perseverance and propagated it to subsequent generations (""cultural legacy"")<br/>- Tech successful entrepreneurs of the first Silicon Valley boom are likely to be born in 1955. It's not only about ""being a genius"", you need to be born at righe place at the right time.",,,1,0
16107147,Paradisi artificiali,Charles Baudelaire,"Baudelaire, Charles",,"=""8811363616""","=""9788811363613""",4,Garzanti,Paperback,334,2003,1860,2016/04/17,2016/03/24,favorites,favorites (#2),read,,,,1,0
11468377,"Thinking, Fast and Slow",Daniel Kahneman,"Kahneman, Daniel",,"=""0374275637""","=""9780374275631""",4,"Farrar, Straus and Giroux",Hardcover,499,2011,2011,2018/02/05,2017/10/17,favorites,favorites (#1),read,,,,1,0
953562,Poet in New York,Federico García Lorca,"Lorca, Federico García","Greg Simon, Steven F. White, Christopher Maurer","=""0374525404""","=""9780374525408""",2,"Farrar, Straus and Giroux",Paperback,303,1998,1940,2020/05/16,2020/01/27,,,read,,,,1,0
242472,The Black Swan: The Impact of the Highly Improbable,Nassim Nicholas Taleb,"Taleb, Nassim Nicholas",,"=""1400063515""","=""9781400063512""",4,Random House ,Hardcover,480,2007,2007,2020/05/16,2019/10/19,,,read,,,,1,0
760,Memories of My Melancholy Whores,Gabriel García Márquez,"Márquez, Gabriel García",Edith Grossman,"=""""","=""""",3,Vintage International,Mass Market Paperback,115,2006,2004,2020/01/27,2020/01/27,,,read,,,,1,0
30239920,Classici per la vita: Una piccola biblioteca ideale,Nuccio Ordine,"Ordine, Nuccio",,"=""8893440261""","=""9788893440264""",3,La nave di Teseo,Paperback,267,2016,2015,,2020/01/05,,,read,,,,1,0
101438,Skunk Works: A Personal Memoir of My Years at Lockheed,Ben R. Rich,"Rich, Ben R.",Leo Janos,"=""""","=""""",0,"Back Bay Books/Little, Brown & Co. (NY)",Paperback,382,1996,1994,,2019/11/09,to-read,to-read (#4),to-read,,,,0,0
26114127,Thank You for Being Late: An Optimist's Guide to Thriving in the Age of Accelerations,Thomas L. Friedman,"Friedman, Thomas L.",,"=""""","=""""",0,"Farrar, Straus and Giroux",Hardcover,486,2016,2016,,2019/10/21,to-read,to-read (#3),to-read,,,,0,0
41795733,Range: Why Generalists Triumph in a Specialized World,David   Epstein,"Epstein, David",,"=""0735214484""","=""9780735214484""",4,Riverhead Books,Hardcover,339,2019,2019,,2019/08/21,,,read,,,,1,0
36613747,How to Change Your Mind: The New Science of Psychedelics,Michael Pollan,"Pollan, Michael",,"=""0241294223""","=""9780241294222""",3,ALLEN LANE,Hardcover,480,2018,2018,2019/10/19,2018/12/30,,,read,,,,1,0
2183,Sentimental Education,Gustave Flaubert,"Flaubert, Gustave","Geoffrey Wall, Robert Baldick","=""0140447970""","=""9780140447972""",2,Alliance Entertainment,Paperback,460,2004,1869,2019/08/19,2018/12/30,,,read,,,,1,0
25387807,Inventing the Future: Postcapitalism and a World Without Work,Nick Srnicek,"Srnicek, Nick",Alex Williams,"=""1784780960""","=""9781784780968""",2,Verso,Paperback,245,2015,2015,,2018/03/18,,,read,,,,1,0
316333,The Vocation Lectures: Science as a Vocation/Politics as a Vocation,Max Weber,"Weber, Max","Tracy B. Strong, Rodney Livingstone, David                      Owen","=""0872206653""","=""9780872206656""",4,"Hackett Publishing Company, Inc.",Paperback,176,2004,1919,,2019/06/23,,,read,,,,1,0
11297,Norwegian Wood,Haruki Murakami,"Murakami, Haruki",Jay Rubin,"=""""","=""""",4,Vintage Books,Paperback,296,2000,1987,,2018/06/30,,,read,,,,1,0
37551141,"Il romanzo della canzone italiana. Storie, aneddoti e personaggi della canzone moderna (1958-2000)",Gino Castaldo,"Castaldo, Gino",,"=""8806235893""","=""9788806235895""",3,Einaudi,Paperback,384,2018,2018,2018/05/06,2018/03/18,,,read,,,,1,0
18807860,Catalogo delle idee chic e dizionario dei luoghi comuni,Gustave Flaubert,"Flaubert, Gustave","Gioia Angiolillo Zannino, Michele Serra","=""8817069264""","=""9788817069267""",4,Rizzoli,Paperback,119,2013,1913,,2016/04/17,,,read,,,,1,0
50144,Kitchen,Banana Yoshimoto,"Yoshimoto, Banana","Megan Backus, Noguchi Rika","=""0802142443""","=""9780802142443""",4,Grove Press,Paperback,160,2006,1988,,2017/12/30,,,read,,,,1,0
17803,After Dark,Haruki Murakami,"Murakami, Haruki",Jay Rubin,"=""0307265838""","=""9780307265838""",3,Knopf,Hardcover,191,2007,2004,2018/02/09,2018/01/22,,,read,,,,1,0
67145,The Time of Indifference,Alberto Moravia,"Moravia, Alberto",Tami Calliope,"=""1586420054""","=""9781586420055""",0,Zoland Books,Paperback,400,2000,1929,,2017/10/17,to-read,to-read (#2),to-read,,,,0,0
9712,Love in the Time of Cholera,Gabriel García Márquez,"Márquez, Gabriel García","Edith Grossman, Kjell Risvik, Carlos Marrodán Casas","=""140003468X""","=""9781400034680""",0,Vintage International,Paperback,348,2003,1985,,2017/10/17,to-read,to-read (#1),to-read,,,,0,0
9912994,"Damned (Damned, #1)",Chuck Palahniuk,"Palahniuk, Chuck",,"=""0385671105""","=""9780385671101""",2,Doubleday Canada,Hardcover,256,2011,2011,2016/03/24,2016/01/06,,,read,,,,1,0
12428066,Depilando Pilar,Andrea G. Pinketts,"Pinketts, Andrea G.",,"=""8804608625""","=""9788804608622""",3,Mondadori,Paperback,408,2011,2011,,2016/01/06,,,read,,,,1,0
9687189,Il vizio dell'agnello,Andrea G. Pinketts,"Pinketts, Andrea G.",,"=""8807812762""","=""9788807812767""",3,Feltrinelli,Paperback,240,2002,1994,,2016/01/06,,,read,,,,1,0
9687186,"Lazzaro, vieni fuori",Andrea G. Pinketts,"Pinketts, Andrea G.",,"=""8807814412""","=""9788807814419""",3,Feltrinelli,Paperback,170,2002,1992,,2016/01/06,,,read,,,,1,0
7720086,Il senso della frase,Andrea G. Pinketts,"Pinketts, Andrea G.",,"=""880781336X""","=""9788807813368""",4,Feltrinelli,Paperback,248,1995,1995,,2016/01/06,,,read,,,,1,0
2185,The Dictionary of Accepted Ideas,Gustave Flaubert,"Flaubert, Gustave",Jaques Barzun,"=""081120054X""","=""9780811200547""",4,New Directions,Paperback,92,1968,1913,,2016/01/06,,,read,,,,1,0
8822819,Girl with Curious Hair,David Foster Wallace,"Wallace, David Foster",,"=""""","=""""",3,W. W. Norton & Company,Paperback,373,1996,1988,,2016/01/06,,,read,,,,1,0
6751,Consider the Lobster and Other Essays,David Foster Wallace,"Wallace, David Foster",,"=""0316156116""","=""9780316156110""",5,"Little, Brown and Company",Hardcover,343,2005,2005,,2016/01/06,,,read,,,,1,0
51504,Post Office,Charles Bukowski,"Bukowski, Charles",,"=""0876850867""","=""9780876850862""",4,Black Sparrow Press,Paperback,208,2002,1971,,2016/01/06,,,read,,,,1,0
38501,Ham on Rye,Charles Bukowski,"Bukowski, Charles",,"=""006117758X""","=""9780061177583""",3,Ecco,Paperback,288,2007,1982,,2016/01/06,,,read,,,,1,0
38503,Tales of Ordinary Madness,Charles Bukowski,"Bukowski, Charles",Gail Chiarrello,"=""0872861554""","=""9780872861558""",4,City Lights Publishers,Paperback,238,1984,1983,,2016/01/06,,,read,,,,1,0
141526,"Pulp: Charles Bukowski's Final Hardboiled Noir Comedy – Lady Death, Aliens, and the Absurd",Charles Bukowski,"Bukowski, Charles",,"=""0876859260""","=""9780876859261""",5,Ecco,Paperback,208,2002,1994,,2016/01/06,,,read,,,,1,0
38500,Women,Charles Bukowski,"Bukowski, Charles",,"=""0061177598""","=""9780061177590""",4,Ecco,Paperback,291,2007,1978,,2016/01/06,,,read,,,,1,0
22285,Rant: An Oral Biography of Buster Casey,Chuck Palahniuk,"Palahniuk, Chuck",,"=""0385517874""","=""9780385517874""",4,Doubleday,Hardcover,320,2007,2007,,2016/01/06,,,read,,,,1,0
5759,Fight Club,Chuck Palahniuk,"Palahniuk, Chuck",,"=""0393327345""","=""9780393327342""",4,W.W. Norton & Company (NYC),Paperback,218,2005,1996,,2016/01/06,,,read,,,,1,0
29059,Choke,Chuck Palahniuk,"Palahniuk, Chuck",,"=""0385720920""","=""9780385720922""",4,Anchor Books,Paperback,293,2002,2001,,2016/01/06,,,read,,,,1,0
